{
    "sidebar-475": {
        "widgets": {
            "basel-twitter": {
                "title": "",
                "name": "OrganicFood",
                "numTweets": "2",
                "consumerKey": "S6kU5b4RcOj0ImsNCoXDBbcou",
                "consumerSecret": "VoabFR670SRJFoqyl4xezJjayV77IDvWg2rn7M1wYnIgr4CIwW",
                "accessToken": "273402566-iG3x1mejOXB081J853qsfkYZMCH68fcoSIDHTuKp",
                "accessTokenSecret": "rmVZ49BJJyVCAA0ieTKe2pHPWPAPbVXc9X8vEJtC00cgq",
                "showAvatar": true,
                "avatarSize": 40,
                "exclude_replies": true
            }
        },
        "flush": true
    }
}