{
  "sidebar-475": {
    "widgets": {
      "basel-twitter": {
        "title": "",
        "name": "TataSteelConstr",
        "numTweets": "2",
        "consumerKey": "S6kU5b4RcOj0ImsNCoXDBbcou",
        "consumerSecret": "VoabFR670SRJFoqyl4xezJjayV77IDvWg2rn7M1wYnIgr4CIwW",
        "accessToken": "273402566-iG3x1mejOXB081J853qsfkYZMCH68fcoSIDHTuKp",
        "accessTokenSecret": "rmVZ49BJJyVCAA0ieTKe2pHPWPAPbVXc9X8vEJtC00cgq",
        "exclude_replies": true
      }
    },
    "flush": true
  },
  "sidebar-776": {
    "widgets": {
     "basel-recent-posts": {
        "title": "",
        "limit": "4",
        "thumb_height": "55",
        "thumb_width": "75",
        "offset": "2"
      }
    },
    "flush": true
  }
}