{
	"top-bar" : false,
	"header" : "simple",
	"menu_align" : "center",
	"primary-color" : "#bc0000",
	"header-border" : false,
	"shopping_cart" : 2,
	"shopping_icon_alt" : false,
	"header_search" : "full-screen",
	"cart_position" : "side",
	"text-font" : {
		"font-family" : "Lato",
		"google" : true
	},
	"primary-font" : {
		"font-family" : "Muli",
		"google" : true,
		"font-weight" : 300
	},
	"post-titles-font" : {
		"font-family" : "Muli",
		"google" : true,
		"font-weight" : 300
	},
	"navigation-font" : {
		"font-family" : "Lato",
		"google" : true,
		"font-size" : "13",
		"font-weight" : 700
	}
}